id,scenario,collisions,offRoute,wrongLane,redLights,timeLeft,finalScore,finalScore_sort
261750,Town04ParkingLot,15,0,5,0,44.8067336697131,1730,1001
261418,Town04ParkingLot,18,7,5,0,44.8067336697131,-2730,5461
261752,Town04ParkingLot,21,14,5,0,44.8067336697131,2731,0
261753,Town04ParkingLot,24,21,5,0,44.8067336697131,-2730,5461
261754,Town04ParkingLot,27,28,5,0,44.8067336697131,0,2731
261755,Town04ParkingLot,30,35,5,0,44.8067336697131,-5730,8461
