id,scenario,collisions,offRoute,wrongLane,redLights,timeLeft,finalScore,finalScore_sort
261750,Town04ParkingLot,15,0,5,0,44.80673366971314,1730,.0000001730
261750,Town04ParkingLot,15,0,5,0,44.80673366971314,-2730,-0000002730
261750,Town04ParkingLot,15,0,5,0,44.80673366971314,2731,.0000002731
261750,Town04ParkingLot,15,0,5,0,44.80673366971314,-2730,-0000002730
261750,Town04ParkingLot,15,0,5,0,44.80673366971314,0,.0000000000
261750,Town04ParkingLot,15,0,5,0,44.80673366971314,-5730,-0000005730